<?xml version="1.0" encoding="UTF-8"?>
<!DOCTYPE us-patent-application SYSTEM "us-patent-application-v42-2006-08-23.dtd" [ ]>
<us-patent-application lang="EN" dtd-version="v4.2 2006-08-23" file="US20110000004A1-20110106.XML" status="PRODUCTION" id="us-patent-application" country="US" date-produced="20101222" date-publ="20110106">
<us-bibliographic-data-application lang="EN" country="US">
<publication-reference>
<document-id>
<country>US</country>
<doc-number>20110000004</doc-number>
<kind>A1</kind>
<date>20110106</date>
</document-id>
</publication-reference>
<application-reference appl-type="utility">
<document-id>
<country>US</country>
<doc-number>12459737</doc-number>
<date>20090706</date>
</document-id>
</application-reference>
<us-application-series-code>12</us-application-series-code>
<classifications-ipcr>
<classification-ipcr>
<ipc-version-indicator><date>20060101</date></ipc-version-indicator>
<classification-level>A</classification-level>
<section>A</section>
<class>41</class>
<subclass>D</subclass>
<main-group>13</main-group>
<subgroup>08</subgroup>
<symbol-position>F</symbol-position>
<classification-value>I</classification-value>
<action-date><date>20110106</date></action-date>
<generating-office><country>US</country></generating-office>
<classification-status>B</classification-status>
<classification-data-source>H</classification-data-source>
</classification-ipcr>
</classifications-ipcr>
<classification-national>
<country>US</country>
<main-classification>  2 21</main-classification>
</classification-national>
<invention-title id="d0e43">Fingerezz</invention-title>
<parties>
<applicants>
<applicant sequence="00" app-type="applicant-inventor" designation="us-only">
<addressbook>
<last-name>Lydon</last-name>
<first-name>Beverly B.</first-name>
<address>
<city>Lake Havasu City</city>
<state>AZ</state>
<country>US</country>
</address>
</addressbook>
<nationality>
<country>omitted</country>
</nationality>
<residence>
<country>US</country>
</residence>
</applicant>
</applicants>
<correspondence-address>
<addressbook>
<name>Beverly B Lydon</name>
<address>
<address-1>3297 Silver Saddle Dr.</address-1>
<city>Lake Havasucity</city>
<state>AZ</state>
<postcode>86406</postcode>
<country>US</country>
</address>
</addressbook>
</correspondence-address>
</parties>
</us-bibliographic-data-application>
<abstract id="abstract">
<p id="p-0001" num="0000">This Invention is a Flat Item Protecting the Fingers and Thumb From Scorching Hot Automobile handles and also Door knobs by using The flat item (unlike a Glove or Straps) (not absorbent for a towel or Rag) is Instantly available at the time of need: being attached to a Key Chain, Accessories, or Clothing via the Permanent Grommet within the Flat item. The fingers and thumb will be relieved of the Scorched burning Feeling, upon the Natural movement of Grasping the Door handle, with The Fingerezz (flat item) held between handle and fingers and thumb.</p>
</abstract>
<drawings id="DRAWINGS">
<figure id="Fig-EMI-D00000" num="00000">
<img id="EMI-D00000" he="146.47mm" wi="142.24mm" file="US20110000004A1-20110106-D00000.TIF"  img-content="drawing" img-format="tif"/>
</figure>
<figure id="Fig-EMI-D00001" num="00001">
<img id="EMI-D00001" he="152.99mm" wi="148.84mm" file="US20110000004A1-20110106-D00001.TIF"  img-content="drawing" img-format="tif"/>
</figure>
</drawings>
<description id="description">
<?summary-of-invention description="Summary of Invention" end="lead"?>
<p id="p-0002" num="0001">This Invention is named FINGEREZZ and is a Flat Item <b>1</b>, cloth, vinyl, Or leather of Various light weight Materials: cut to form squares to be sewn, surged, Or manually cut sawtooth edges. The Flat Item <b>1</b>, is 5 inches square up to 8 inches Square. The surface <b>1</b> may have names, organizations, or pictures applied by Heat Transfer, Embroidery, or painted. A Grommet <b>2</b> is permanently attached To the Flat Item <b>1</b> for attachment to a persons accessory for instant availability.</p>
<heading id="h-0001" level="1">CROSS-REFERENCE TO RELATED APPLICATIONS </heading>
<p id="p-0003" num="0002">Not Applicable</p>
<heading id="h-0002" level="1">STATEMENT REGARDING FEDERALLY SPONSORED RESEARCH OR DEVELOPMENT </heading>
<p id="p-0004" num="0003">Not Applicable</p>
<heading id="h-0003" level="1">REFERENCE TO A SEQUENCE LISTING, A TABLE OR A COMPUTER PROGRAM  LISTING COMPACT DISC APPENDIX </heading>
<p id="p-0005" num="0004">Not Applicable</p>
<heading id="h-0004" level="1">BACKGROUND OF INVENTION</heading>
<p id="p-0006" num="0005">The heat from the sun of 118 degrees and higher in many cities requires Protection (a class 2 definition USPTO) from the Burning sensation, scorching: To a person manually opening an Automobile Door handle and/or a Home door Knob. This item: FINGEREZZ is Invented to prevent (protect) from the discomfort And Burning sensation by having FINGEREZZ, my flat item of material, vinyl, or Leather, to Be between the Hot scorching surface and the fingers and thumb.</p>
<?summary-of-invention description="Summary of Invention" end="tail"?>
<?detailed-description description="Detailed Description" end="lead"?>
<heading id="h-0005" level="1">SUMMARY OF THE INVENTION</heading>
<p id="p-0007" num="0006">My Invention is a Protection from slight burning sensations, Practical, and very useful Protecting Fingers and Thumb from scorching Burns, Also instant availability for use; being attached to an accessory: May be used further for identification, for organizations, a very large Percent of the population will find this Useful and helpful.</p>
<?detailed-description description="Detailed Description" end="tail"?>
</description>
<claims id="claims">
<claim id="CLM-00001" num="00001">
<claim-text><b>1</b>. I Claim this Invention is for the Protection of Fingers and Thumb from being Scorched when Opening a Scorching Hot Automobile door handle or door knob, this Invention may be Attached to a Key Chain or any Accessory, as it is lifted instantly: Being placed between Scorching Hot Automobile door handle and The Fingers and Thumb. The Exact reason for this Invention is to Protect Fingers and Thumb when opening doors where the handles Or knobs have been exposed to the Direct Heat of Burning Hot Sun. </claim-text>
</claim>
</claims>
